url,round,home_team,away_team,goals_home_final,goals_away_final,final_result,goals_home_1half,goals_away_1half,1half_result,ball_possessionhome,ball_possessionaway,goal_attemptshome,goal_attemptsaway,shots_on_goalhome,shots_on_goalaway,shots_off_goalhome,shots_off_goalaway,blocked_shotshome,blocked_shotsaway,free_kickshome,free_kicksaway,corner_kickshome,corner_kicksaway,offsideshome,offsidesaway,throw_inshome,throw_insaway,goalkeeper_saveshome,goalkeeper_savesaway,foulshome,foulsaway,yellow_cardshome,yellow_cardsaway,total_passeshome,total_passesaway,tackleshome,tacklesaway,attackshome,attacksaway,dangerous_attackshome,dangerous_attacksaway,red_cardshome,red_cardsaway,completed_passeshome,completed_passesaway
https://www.scoreboard.com/uk/match/OjVQbVCq/#match-summary,26,Frankfurt,Monchengladbach,1,3,Away,0,2,Away,52,48,5,6,2,5,3,1,0,0,10,9,3,1,0,2,5.0,13.0,3,2,9,8,2.0,1.0,262.0,256.0,4.0,4.0,84,35,21,6,,,,
https://www.scoreboard.com/uk/match/lh3J4L02/#match-summary,26,Augsburg,Wolfsburg,1,2,Away,0,1,Away,39,61,5,8,1,2,3,5,1,1,6,10,1,1,4,1,11.0,13.0,1,1,6,5,1.0,0.0,165.0,251.0,6.0,7.0,42,63,22,34,,,,
https://www.scoreboard.com/uk/match/I9hb3B4S/#match-summary,26,Dortmund,Schalke,4,0,Home,2,0,Home,60,40,9,3,2,1,3,0,4,2,8,2,4,0,0,2,7.0,9.0,1,0,2,6,,,289.0,192.0,10.0,6.0,71,49,31,18,,,,
https://www.scoreboard.com/uk/match/A7XxdTd2/#match-summary,26,Dusseldorf,Paderborn,0,0,Draw,0,0,Draw,55,45,4,4,1,1,2,2,1,1,9,9,1,0,2,0,8.0,8.0,1,1,8,9,1.0,1.0,306.0,241.0,8.0,5.0,44,51,25,24,,,,
https://www.scoreboard.com/uk/match/WGYYd9sd/#match-summary,26,Hoffenheim,Hertha,0,3,Away,0,0,Draw,51,49,6,4,0,2,4,2,2,0,12,4,2,3,0,0,11.0,8.0,2,0,4,11,0.0,3.0,217.0,205.0,9.0,5.0,53,43,34,30,,,,
https://www.scoreboard.com/uk/match/0f5moCrp/#match-summary,25,Mainz,Dusseldorf,1,1,Draw,0,0,Draw,37,63,0,12,0,1,0,7,0,4,5,14,0,2,1,1,,,1,0,11,3,1.0,1.0,175.0,292.0,3.0,5.0,40,67,8,24,,,,
https://www.scoreboard.com/uk/match/APnv8Zkc/#match-summary,25,Bayern,Augsburg,2,0,Home,0,0,Draw,77,23,2,3,0,1,1,0,1,2,5,3,6,2,0,2,,,1,0,3,3,,,404.0,122.0,10.0,7.0,84,38,39,12,,,,
https://www.scoreboard.com/uk/match/vJgf4ikM/#match-summary,25,Monchengladbach,Dortmund,1,2,Away,0,1,Away,46,54,5,4,2,2,2,0,1,2,6,6,0,2,3,0,,,1,2,3,5,0.0,2.0,281.0,322.0,11.0,6.0,55,77,26,15,,,,
https://www.scoreboard.com/uk/match/OSjr7g53/#match-summary,25,Freiburg,Union Berlin,3,1,Home,1,0,Home,56,44,4,5,2,2,0,2,2,1,6,4,6,1,3,0,,,2,1,4,8,1.0,0.0,210.0,171.0,6.0,3.0,24,14,11,23,,,,
https://www.scoreboard.com/uk/match/dMbdqjDd/#match-summary,25,Hertha,Bremen,2,2,Draw,1,2,Away,53,47,10,3,3,2,2,1,5,0,6,7,1,0,2,3,,,0,2,5,2,,,232.0,205.0,9.0,7.0,50,44,32,16,,,,
https://www.scoreboard.com/uk/match/OUsK2vEH/#match-summary,25,Leverkusen,Frankfurt,4,0,Home,2,0,Home,64,36,6,2,3,2,1,0,2,0,10,5,1,1,0,2,,,2,1,5,8,,,322.0,173.0,11.0,11.0,61,47,43,24,,,,
https://www.scoreboard.com/uk/match/6itm6DK9/#match-summary,25,Schalke,Hoffenheim,1,1,Draw,1,0,Home,46,54,9,1,3,0,2,1,4,0,4,4,2,1,0,0,,,0,2,4,4,,,229.0,268.0,4.0,4.0,18,15,39,18,,,,
https://www.scoreboard.com/uk/match/IVahpWcj/#match-summary,25,Wolfsburg,RB Leipzig,0,0,Draw,0,0,Draw,42,58,10,5,4,1,4,3,2,1,8,7,4,0,0,0,,,1,4,6,8,0.0,1.0,221.0,316.0,6.0,5.0,33,21,31,35,,,,
https://www.scoreboard.com/uk/match/U7rG3KbB/#match-summary,24,RB Leipzig,Leverkusen,1,1,Draw,1,1,Draw,40,60,2,10,1,5,1,2,0,3,11,4,5,3,2,2,,,4,0,2,8,0.0,2.0,190.0,296.0,6.0,7.0,46,59,23,21,,,,
https://www.scoreboard.com/uk/match/IXvC40q5/#match-summary,24,Union Berlin,Wolfsburg,2,2,Draw,1,0,Home,46,54,1,7,1,1,0,3,0,3,9,1,0,3,0,1,,,1,0,1,7,0.0,1.0,191.0,224.0,6.0,7.0,52,43,10,20,,,,
https://www.scoreboard.com/uk/match/z9k75tUb/#match-summary,24,FC Koln,Schalke,3,0,Home,2,0,Home,43,57,8,5,5,1,1,3,2,1,2,9,3,0,5,0,,,1,3,3,2,1.0,0.0,207.0,272.0,6.0,4.0,51,62,29,28,,,,
https://www.scoreboard.com/uk/match/dIj36MEh/#match-summary,24,Augsburg,Monchengladbach,2,3,Away,0,0,Draw,43,57,1,6,0,3,1,2,0,1,3,8,3,1,1,0,,,3,0,6,4,2.0,1.0,195.0,256.0,7.0,9.0,36,48,18,21,,,,
https://www.scoreboard.com/uk/match/G4ItkLqI/#match-summary,24,Dortmund,Freiburg,1,0,Home,1,0,Home,61,39,7,6,1,2,3,1,3,3,3,2,1,2,0,1,,,2,0,2,2,,,412.0,258.0,2.0,6.0,70,52,18,20,,,,
https://www.scoreboard.com/uk/match/OULlmaEU/#match-summary,24,Hoffenheim,Bayern,0,6,Away,0,4,Away,33,67,3,16,1,8,1,5,1,3,6,3,1,4,1,4,,,4,1,2,3,,,187.0,374.0,12.0,7.0,26,66,12,44,,,,
https://www.scoreboard.com/uk/match/Srna72an/#match-summary,24,Mainz,Paderborn,2,0,Home,2,0,Home,46,54,3,4,2,1,0,3,1,0,8,5,2,4,1,0,,,1,0,3,8,1.0,1.0,146.0,173.0,13.0,21.0,67,39,24,26,,,,
https://www.scoreboard.com/uk/match/SMAOfPFt/#match-summary,23,Frankfurt,Union Berlin,1,2,Away,0,0,Draw,55,45,7,6,0,3,3,2,4,1,8,5,8,4,1,2,,,3,0,4,6,1.0,2.0,202.0,161.0,8.0,6.0,58,54,38,30,,,,
https://www.scoreboard.com/uk/match/QDOda57P/#match-summary,23,Wolfsburg,Mainz,4,0,Home,2,0,Home,60,40,4,6,2,1,2,2,0,3,5,5,2,9,0,0,,,1,0,5,5,0.0,1.0,249.0,153.0,9.0,14.0,79,47,29,19,,,,
https://www.scoreboard.com/uk/match/b7WAy2FI/#match-summary,23,Leverkusen,Augsburg,2,0,Home,1,0,Home,78,22,4,3,2,0,1,3,1,0,6,6,2,2,0,2,,,0,1,5,3,1.0,3.0,437.0,121.0,12.0,5.0,88,35,17,10,,,,
https://www.scoreboard.com/uk/match/d22uisF5/#match-summary,23,Schalke,RB Leipzig,0,5,Away,0,1,Away,49,51,0,9,0,1,0,5,0,3,1,9,1,4,2,0,,,0,0,7,1,2.0,1.0,238.0,234.0,9.0,13.0,50,59,12,25,,,,
https://www.scoreboard.com/uk/match/xEJxj1UB/#match-summary,23,Bremen,Dortmund,0,2,Away,0,0,Draw,39,61,2,2,0,0,0,2,2,0,10,9,1,2,1,3,,,0,0,8,6,,,240.0,358.0,10.0,8.0,68,68,20,16,,,,
https://www.scoreboard.com/uk/match/IB3yhNaa/#match-summary,23,Freiburg,Dusseldorf,0,2,Away,0,1,Away,56,44,3,5,2,2,0,3,1,0,6,7,0,3,2,1,,,1,2,6,6,0.0,2.0,243.0,186.0,3.0,10.0,58,57,15,19,,,,
https://www.scoreboard.com/uk/match/Ol4Xh3pg/#match-summary,23,Hertha,FC Koln,0,5,Away,0,3,Away,62,38,0,13,0,9,0,2,0,2,7,8,1,3,0,1,,,6,0,8,6,1.0,0.0,262.0,150.0,8.0,5.0,67,42,13,23,,,,
https://www.scoreboard.com/uk/match/xbVEzMUO/#match-summary,23,Monchengladbach,Hoffenheim,1,1,Draw,1,0,Home,47,53,9,9,6,2,2,2,1,5,4,5,3,3,0,0,,,2,5,4,3,2.0,1.0,250.0,291.0,10.0,5.0,54,63,30,26,,,,
https://www.scoreboard.com/uk/match/WxpKonwQ/#match-summary,22,Mainz,Schalke,0,0,Draw,0,0,Draw,42,58,8,3,3,2,4,1,1,0,6,3,1,3,0,0,,,2,3,2,4,1.0,0.0,180.0,242.0,9.0,7.0,54,50,23,15,,,,
https://www.scoreboard.com/uk/match/S8VktQ0m/#match-summary,22,FC Koln,Bayern,1,4,Away,0,3,Away,35,65,1,18,0,5,0,12,1,1,6,6,0,5,2,1,,,2,0,4,5,0.0,1.0,158.0,296.0,8.0,7.0,24,81,13,41,,,,
https://www.scoreboard.com/uk/match/IZuGnSNJ/#match-summary,22,Dusseldorf,Monchengladbach,1,4,Away,1,1,Draw,44,56,5,9,3,1,1,5,1,3,2,8,1,4,2,1,,,0,2,5,1,,,182.0,223.0,5.0,4.0,28,39,15,18,,,,
https://www.scoreboard.com/uk/match/lIWos6os/#match-summary,22,Augsburg,Freiburg,1,1,Draw,1,0,Home,25,75,4,9,2,1,1,7,1,1,3,10,0,2,0,1,,,1,1,8,2,,,110.0,338.0,7.0,4.0,28,66,12,33,,,,
https://www.scoreboard.com/uk/match/Grs6xr0C/#match-summary,22,Hoffenheim,Wolfsburg,2,3,Away,1,1,Draw,50,50,4,8,3,2,1,2,0,4,7,2,2,2,0,1,,,1,2,2,5,1.0,1.0,254.0,248.0,9.0,11.0,50,67,16,27,,,,
https://www.scoreboard.com/uk/match/ppQfupGg/#match-summary,22,Paderborn,Hertha,1,2,Away,0,1,Away,48,52,6,6,1,1,2,1,3,4,7,11,2,7,2,0,,,0,1,9,6,,,209.0,222.0,5.0,8.0,55,58,32,23,,,,
https://www.scoreboard.com/uk/match/GU1XNroJ/#match-summary,22,RB Leipzig,Bremen,3,0,Home,2,0,Home,49,51,5,3,2,0,3,3,0,0,9,8,3,1,3,2,,,0,0,6,6,0.0,1.0,245.0,251.0,9.0,8.0,62,59,22,8,,,,
https://www.scoreboard.com/uk/match/OzPbv4Va/#match-summary,22,Union Berlin,Leverkusen,2,3,Away,1,1,Draw,38,62,14,4,4,1,7,3,3,0,9,6,3,1,0,0,,,0,3,5,8,1.0,2.0,156.0,258.0,10.0,7.0,63,41,26,23,,,,
https://www.scoreboard.com/uk/match/UD3PP4G6/#match-summary,21,Bayern,RB Leipzig,0,0,Draw,0,0,Draw,70,30,6,2,2,0,1,2,3,0,18,8,7,1,2,4,,,0,2,3,6,0.0,1.0,401.0,163.0,5.0,12.0,106,37,31,9,,,,
https://www.scoreboard.com/uk/match/feBCS6Wm/#match-summary,21,Leverkusen,Dortmund,4,3,Home,2,2,Draw,54,46,4,6,3,4,0,2,1,0,7,5,2,2,1,1,,,2,1,4,5,1.0,1.0,289.0,238.0,14.0,9.0,48,76,17,16,,,,
https://www.scoreboard.com/uk/match/0YB8TnHs/#match-summary,21,Bremen,Union Berlin,0,2,Away,0,0,Draw,69,31,5,3,0,0,3,2,2,1,8,6,1,1,1,1,,,0,0,4,8,3.0,0.0,352.0,153.0,6.0,15.0,66,54,23,13,,,,
https://www.scoreboard.com/uk/match/8bFGRQof/#match-summary,21,Freiburg,Hoffenheim,1,0,Home,1,0,Home,52,48,5,7,3,3,2,2,0,2,9,5,0,3,1,0,,,3,2,4,7,1.0,1.0,248.0,216.0,6.0,4.0,55,50,27,22,,,,
https://www.scoreboard.com/uk/match/tlVyZ8gK/#match-summary,21,Hertha,Mainz,1,3,Away,0,1,Away,65,35,5,3,1,1,3,2,1,0,13,5,4,1,0,1,,,0,1,5,11,1.0,0.0,334.0,173.0,7.0,7.0,75,65,17,20,,,,
https://www.scoreboard.com/uk/match/jN4LQp10/#match-summary,21,Schalke,Paderborn,1,1,Draw,0,0,Draw,64,36,2,7,1,1,0,2,1,4,6,4,3,6,2,2,,,1,1,2,4,,,267.0,137.0,8.0,12.0,47,47,31,26,,,,
https://www.scoreboard.com/uk/match/xv3TOOVC/#match-summary,21,Wolfsburg,Dusseldorf,1,1,Draw,0,1,Away,56,44,4,4,1,1,3,1,0,2,8,9,1,1,2,2,,,0,1,6,6,,,277.0,216.0,3.0,4.0,49,55,18,16,,,,
https://www.scoreboard.com/uk/match/feksDRW0/#match-summary,20,Paderborn,Wolfsburg,2,4,Away,1,2,Away,42,58,4,4,2,3,2,1,0,0,13,7,1,4,1,2,,,1,1,6,10,0.0,2.0,158.0,218.0,9.0,10.0,48,59,20,16,1.0,0.0,,
https://www.scoreboard.com/uk/match/G4jwE7Hf/#match-summary,20,FC Koln,Freiburg,4,0,Home,1,0,Home,52,48,9,5,3,1,4,2,2,2,8,10,3,3,0,2,,,1,2,9,6,2.0,0.0,220.0,203.0,6.0,3.0,63,56,21,10,,,,
https://www.scoreboard.com/uk/match/KGVhZHm3/#match-summary,20,RB Leipzig,Monchengladbach,2,2,Draw,0,2,Away,52,48,2,7,2,4,0,1,0,2,7,9,0,2,0,2,,,2,2,8,6,0.0,1.0,279.0,253.0,7.0,5.0,51,67,7,17,,,,
https://www.scoreboard.com/uk/match/nVoZEm2l/#match-summary,20,Augsburg,Bremen,2,1,Home,0,1,Away,48,52,4,4,2,1,2,1,0,2,11,6,2,2,2,1,,,0,2,4,8,,,212.0,221.0,9.0,5.0,53,28,15,15,,,,
https://www.scoreboard.com/uk/match/xKvnCon7/#match-summary,20,Dortmund,Union Berlin,5,0,Home,2,0,Home,66,34,6,4,4,0,0,1,2,3,2,5,4,3,1,0,,,0,2,4,2,,,359.0,173.0,9.0,14.0,51,43,18,19,,,,
https://www.scoreboard.com/uk/match/lfrjB51D/#match-summary,20,Dusseldorf,Frankfurt,1,1,Draw,0,0,Draw,56,44,6,3,0,1,4,2,2,0,7,4,1,3,1,2,,,1,0,3,5,,,277.0,206.0,2.0,9.0,58,49,17,17,,,,
https://www.scoreboard.com/uk/match/EwVdYy39/#match-summary,20,Hoffenheim,Leverkusen,2,1,Home,1,1,Draw,37,63,7,10,2,6,3,3,2,1,6,5,2,4,1,3,,,5,1,4,7,1.0,2.0,167.0,293.0,8.0,9.0,54,68,12,26,,,,
https://www.scoreboard.com/uk/match/8vmVFTnr/#match-summary,20,Mainz,Bayern,1,3,Away,1,3,Away,29,71,4,7,1,4,3,2,0,1,5,6,2,2,1,1,,,1,0,4,4,,,149.0,379.0,9.0,5.0,49,78,14,30,,,,
https://www.scoreboard.com/uk/match/tQWlzbYd/#match-summary,19,Leverkusen,Dusseldorf,3,0,Home,1,0,Home,74,26,8,1,3,0,3,1,2,0,9,8,4,2,1,3,,,0,2,8,4,0.0,1.0,347.0,116.0,1.0,13.0,63,44,22,13,,,,
https://www.scoreboard.com/uk/match/M9D6DzRq/#match-summary,19,Bremen,Hoffenheim,0,3,Away,0,0,Draw,55,45,6,3,0,1,3,2,3,0,9,7,3,2,1,0,,,1,0,7,9,1.0,2.0,286.0,239.0,7.0,5.0,68,60,38,15,,,,
https://www.scoreboard.com/uk/match/G8UNLbJ3/#match-summary,19,Bayern,Schalke,5,0,Home,2,0,Home,78,22,11,6,6,1,4,3,1,2,2,4,1,2,2,0,,,1,4,3,1,,,421.0,117.0,8.0,10.0,92,23,56,12,,,,
https://www.scoreboard.com/uk/match/plMvIGIS/#match-summary,19,Frankfurt,RB Leipzig,2,0,Home,0,0,Draw,39,61,1,12,1,3,0,6,0,3,6,4,1,3,0,0,,,3,1,4,6,1.0,0.0,183.0,283.0,10.0,4.0,43,84,8,22,,,,
https://www.scoreboard.com/uk/match/GWCACftj/#match-summary,19,Freiburg,Paderborn,0,2,Away,0,0,Draw,53,47,6,9,2,2,2,7,2,0,4,6,1,5,0,0,,,2,2,6,4,1.0,2.0,232.0,197.0,10.0,5.0,59,53,21,27,,,,
https://www.scoreboard.com/uk/match/OYXVJxlG/#match-summary,19,Monchengladbach,Mainz,3,1,Home,1,1,Draw,74,26,5,6,1,5,3,0,1,1,9,6,1,1,1,3,,,4,0,5,7,0.0,1.0,324.0,107.0,10.0,18.0,75,46,41,16,,,,
https://www.scoreboard.com/uk/match/fNBEBEed/#match-summary,19,Union Berlin,Augsburg,2,0,Home,0,0,Draw,55,45,6,8,1,2,2,4,3,2,4,13,3,1,2,1,,,2,1,10,4,0.0,1.0,218.0,178.0,6.0,5.0,77,49,14,13,,,,
https://www.scoreboard.com/uk/match/2PWZId3M/#match-summary,19,Wolfsburg,Hertha,1,2,Away,0,0,Draw,54,46,10,3,3,0,5,2,2,1,5,7,3,2,1,1,,,0,3,5,4,0.0,1.0,259.0,217.0,12.0,16.0,72,55,37,16,,,,
https://www.scoreboard.com/uk/match/YquJMv4c/#match-summary,18,Paderborn,Leverkusen,1,4,Away,0,3,Away,32,68,3,7,1,4,2,1,0,2,8,5,3,0,0,1,,,1,1,5,7,2.0,0.0,171.0,369.0,10.0,11.0,47,57,15,18,,,,
https://www.scoreboard.com/uk/match/AV7d5wZM/#match-summary,18,Hertha,Bayern,0,4,Away,0,0,Draw,34,66,3,6,0,4,2,1,1,1,9,4,0,3,0,2,,,4,0,4,7,1.0,1.0,180.0,353.0,7.0,7.0,41,93,16,43,,,,
https://www.scoreboard.com/uk/match/KtFq8uk4/#match-summary,18,RB Leipzig,Union Berlin,3,1,Home,0,1,Away,70,30,7,4,3,2,3,1,1,1,13,5,2,0,1,2,,,1,3,3,9,,,346.0,143.0,9.0,7.0,92,56,36,9,,,,
https://www.scoreboard.com/uk/match/86mXbyCj/#match-summary,18,Augsburg,Dortmund,3,5,Away,1,0,Home,28,72,7,6,2,1,4,4,1,1,5,9,2,2,5,1,,,1,1,3,2,,,165.0,415.0,8.0,6.0,45,57,17,26,,,,
https://www.scoreboard.com/uk/match/G88h6JJG/#match-summary,18,Dusseldorf,Bremen,0,1,Away,0,0,Draw,47,53,7,5,2,2,3,2,2,1,7,10,2,2,1,0,,,2,2,9,7,0.0,1.0,223.0,268.0,8.0,6.0,53,71,35,11,,,,
https://www.scoreboard.com/uk/match/M9yFNKli/#match-summary,18,FC Koln,Wolfsburg,3,1,Home,2,0,Home,54,46,7,6,3,3,4,3,0,0,11,2,4,1,0,0,,,3,1,2,11,0.0,2.0,218.0,172.0,17.0,12.0,57,57,24,31,,,,
https://www.scoreboard.com/uk/match/254l7a4A/#match-summary,18,Hoffenheim,Frankfurt,1,2,Away,0,1,Away,61,39,7,6,2,1,3,4,2,1,2,5,3,4,1,0,,,0,2,4,3,,,316.0,192.0,6.0,14.0,71,53,14,18,,,,
https://www.scoreboard.com/uk/match/lM604clT/#match-summary,18,Mainz,Freiburg,1,2,Away,0,2,Away,48,52,10,6,4,3,4,2,2,1,7,12,5,2,1,0,,,1,4,11,7,2.0,1.0,208.0,206.0,9.0,1.0,76,42,14,14,,,,
https://www.scoreboard.com/uk/match/YPGyA1Ki/#match-summary,17,Paderborn,Frankfurt,2,1,Home,2,0,Home,52,48,9,9,3,1,4,6,2,2,5,5,0,4,0,0,,,1,1,5,5,0.0,1.0,213.0,183.0,10.0,9.0,47,66,21,28,,,,
https://www.scoreboard.com/uk/match/relFh0kH/#match-summary,17,Dusseldorf,Union Berlin,2,1,Home,1,0,Home,45,55,12,7,4,0,7,4,1,3,8,6,5,2,0,1,,,0,3,4,7,,,197.0,245.0,5.0,5.0,55,49,30,18,,,,
https://www.scoreboard.com/uk/match/MomJiK4N/#match-summary,17,Hertha,Monchengladbach,0,0,Draw,0,0,Draw,45,55,4,2,0,1,4,0,0,1,11,6,0,4,0,4,,,1,0,6,7,1.0,1.0,197.0,235.0,5.0,6.0,61,63,14,18,,,,
https://www.scoreboard.com/uk/match/nTf6fMK4/#match-summary,17,Bayern,Wolfsburg,2,0,Home,0,0,Draw,71,29,10,4,5,2,3,1,2,1,8,5,7,2,3,2,,,2,5,2,4,,,319.0,137.0,10.0,10.0,75,45,41,9,,,,
https://www.scoreboard.com/uk/match/fZHXAs5o/#match-summary,17,FC Koln,Bremen,1,0,Home,1,0,Home,66,34,4,0,1,0,3,0,0,0,9,5,1,2,1,0,,,0,0,4,9,0.0,1.0,314.0,160.0,13.0,11.0,71,43,28,19,,,,
https://www.scoreboard.com/uk/match/G8nNjvKT/#match-summary,17,Mainz,Leverkusen,0,1,Away,0,0,Draw,32,68,8,3,1,0,4,1,3,2,6,9,3,3,5,2,,,0,1,4,4,,,147.0,318.0,9.0,9.0,56,55,13,14,,,,
https://www.scoreboard.com/uk/match/tjGu9LZc/#match-summary,17,RB Leipzig,Augsburg,3,1,Home,0,1,Away,76,24,8,4,3,1,5,1,0,2,6,9,4,2,4,0,,,0,3,4,5,0.0,1.0,357.0,114.0,6.0,12.0,97,30,46,11,,,,
https://www.scoreboard.com/uk/match/hUwknbSp/#match-summary,17,Schalke,Freiburg,2,2,Draw,1,0,Home,50,50,7,12,3,3,2,7,2,2,5,6,3,4,1,1,,,3,2,4,4,,,221.0,212.0,8.0,7.0,49,43,22,32,,,,
https://www.scoreboard.com/uk/match/rs9tv1zO/#match-summary,16,Frankfurt,FC Koln,2,4,Away,2,1,Home,48,52,12,7,4,3,7,3,1,1,4,8,5,3,1,0,,,2,2,7,5,1.0,1.0,169.0,192.0,6.0,14.0,63,56,26,22,,,,
https://www.scoreboard.com/uk/match/Y5ljb4Lu/#match-summary,16,Freiburg,Bayern,1,3,Away,0,1,Away,30,70,7,11,2,5,4,3,1,3,5,3,3,7,2,0,,,4,2,1,5,,,133.0,306.0,5.0,5.0,36,76,15,48,,,,
https://www.scoreboard.com/uk/match/h6e2e25b/#match-summary,16,Monchengladbach,Paderborn,2,0,Home,0,0,Draw,64,36,7,7,3,1,1,3,3,3,8,8,3,3,5,2,,,1,3,3,6,1.0,1.0,318.0,173.0,13.0,18.0,78,36,28,21,,,,
https://www.scoreboard.com/uk/match/0IJyusLH/#match-summary,16,Wolfsburg,Schalke,1,1,Draw,0,0,Draw,49,51,16,4,6,1,5,3,5,0,4,6,9,3,1,0,,,1,6,5,4,,,180.0,198.0,10.0,4.0,78,36,42,28,,,,
https://www.scoreboard.com/uk/match/hhGTt3j5/#match-summary,16,Leverkusen,Hertha,0,1,Away,0,0,Draw,68,32,12,3,5,1,4,2,3,0,7,5,3,1,2,1,,,1,5,3,7,0.0,1.0,362.0,169.0,6.0,11.0,98,53,40,8,,,,
https://www.scoreboard.com/uk/match/CdmfcOzn/#match-summary,16,Augsburg,Dusseldorf,3,0,Home,1,0,Home,50,50,8,1,3,0,3,1,2,0,8,7,2,0,2,1,,,0,2,5,7,0.0,2.0,212.0,216.0,3.0,4.0,64,38,29,9,,,,
https://www.scoreboard.com/uk/match/MX7pwLkU/#match-summary,16,Dortmund,RB Leipzig,3,3,Draw,2,0,Home,56,44,8,4,5,2,2,2,1,0,3,3,8,1,2,0,,,2,3,1,3,,,343.0,265.0,9.0,16.0,61,65,24,15,,,,
https://www.scoreboard.com/uk/match/fLxadrjh/#match-summary,16,Union Berlin,Hoffenheim,0,2,Away,0,0,Draw,45,55,7,4,0,1,4,2,3,1,6,11,5,0,2,1,,,1,0,9,5,1.0,3.0,178.0,223.0,6.0,4.0,71,40,23,15,,,,
https://www.scoreboard.com/uk/match/0x2Kpoit/#match-summary,15,Schalke,Frankfurt,1,0,Home,0,0,Draw,63,37,7,6,3,2,3,4,1,0,6,10,3,0,2,0,,,2,3,8,6,0.0,1.0,264.0,162.0,3.0,10.0,55,51,24,9,,,,
https://www.scoreboard.com/uk/match/E1HPsqya/#match-summary,15,Wolfsburg,Monchengladbach,2,1,Home,1,1,Draw,42,58,9,4,5,3,3,0,1,1,9,14,2,0,1,0,,,2,4,13,9,2.0,1.0,185.0,258.0,11.0,7.0,42,69,11,3,,,,
https://www.scoreboard.com/uk/match/6yA6f137/#match-summary,15,Dusseldorf,RB Leipzig,0,3,Away,0,1,Away,29,71,3,9,0,2,2,5,1,2,5,6,1,4,0,0,,,1,0,6,4,0.0,1.0,122.0,403.0,8.0,6.0,34,74,11,24,,,,
https://www.scoreboard.com/uk/match/bB6bdNYf/#match-summary,15,Bayern,Bremen,6,1,Home,2,1,Home,69,31,13,6,5,1,4,4,4,1,9,7,3,1,0,1,,,0,3,5,8,2.0,1.0,350.0,125.0,8.0,10.0,100,28,29,9,,,,
https://www.scoreboard.com/uk/match/fa1Oq56n/#match-summary,15,FC Koln,Leverkusen,2,0,Home,0,0,Draw,33,67,4,2,2,0,1,0,1,2,9,10,0,2,3,2,,,0,2,6,4,1.0,2.0,149.0,366.0,13.0,9.0,50,84,12,31,,,,
https://www.scoreboard.com/uk/match/pS8AgLID/#match-summary,15,Hertha,Freiburg,1,0,Home,0,0,Draw,45,55,8,6,3,1,3,2,2,3,2,6,0,1,0,1,,,1,3,5,3,1.0,0.0,225.0,285.0,5.0,3.0,42,74,14,17,,,,
https://www.scoreboard.com/uk/match/l0Zj2DMD/#match-summary,15,Mainz,Dortmund,0,4,Away,0,1,Away,38,62,1,11,0,1,1,3,0,7,6,5,2,3,0,1,,,0,0,4,5,1.0,0.0,194.0,346.0,8.0,10.0,63,69,14,34,,,,
https://www.scoreboard.com/uk/match/Yk0SrPLh/#match-summary,15,Paderborn,Union Berlin,1,1,Draw,1,1,Draw,58,42,6,9,1,2,1,5,4,2,3,2,0,2,0,1,,,1,0,10,8,0.0,2.0,241.0,160.0,11.0,11.0,59,53,12,26,,,,
https://www.scoreboard.com/uk/match/GnHgc3Jl/#match-summary,14,Bremen,Paderborn,0,1,Away,0,0,Draw,49,51,7,8,2,3,4,2,1,3,9,5,4,3,1,2,,,3,2,3,7,0.0,2.0,242.0,250.0,10.0,17.0,54,49,24,18,,,,
https://www.scoreboard.com/uk/match/4CDkbq4r/#match-summary,14,Union Berlin,FC Koln,2,0,Home,1,0,Home,62,38,8,5,5,2,3,3,0,0,11,11,1,2,1,0,,,2,4,9,9,0.0,2.0,231.0,136.0,9.0,9.0,70,48,17,16,,,,
https://www.scoreboard.com/uk/match/p8tPsOJ1/#match-summary,14,Leverkusen,Schalke,2,1,Home,1,0,Home,61,39,12,3,4,2,5,1,3,0,10,6,3,0,1,2,,,2,3,5,6,1.0,1.0,270.0,175.0,16.0,12.0,74,59,24,6,,,,
https://www.scoreboard.com/uk/match/nXQN2PeR/#match-summary,14,Augsburg,Mainz,2,1,Home,1,1,Draw,58,42,14,5,3,3,9,1,2,1,9,8,4,0,0,1,,,2,2,7,8,1.0,1.0,186.0,140.0,1.0,12.0,49,40,39,5,,,,
https://www.scoreboard.com/uk/match/j5XE4oRE/#match-summary,14,Dortmund,Dusseldorf,5,0,Home,1,0,Home,74,26,11,1,3,0,6,1,2,0,7,6,3,0,1,1,,,0,2,5,6,0.0,2.0,459.0,170.0,8.0,7.0,91,30,55,7,,,,
https://www.scoreboard.com/uk/match/8tSJ35tL/#match-summary,14,Freiburg,Wolfsburg,1,0,Home,0,0,Draw,48,52,2,3,1,0,1,2,0,1,12,7,2,2,0,0,,,0,1,7,12,0.0,1.0,190.0,206.0,5.0,7.0,49,65,20,19,,,,
https://www.scoreboard.com/uk/match/bBpTtrZ7/#match-summary,14,Monchengladbach,Bayern,2,1,Home,0,0,Draw,36,64,1,15,1,4,0,6,0,5,8,6,0,4,3,0,,,4,1,4,7,1.0,0.0,176.0,299.0,8.0,2.0,30,65,13,34,,,,
https://www.scoreboard.com/uk/match/2qiKr44e/#match-summary,14,RB Leipzig,Hoffenheim,3,1,Home,1,0,Home,42,58,11,5,7,0,1,2,3,3,5,7,5,3,2,1,,,0,6,6,4,,,221.0,307.0,7.0,9.0,49,64,19,25,,,,
https://www.scoreboard.com/uk/match/xKbYi8s9/#match-summary,13,Mainz,Frankfurt,2,1,Home,0,1,Away,54,46,4,7,1,2,2,3,1,2,7,7,3,3,1,0,,,1,1,6,7,0.0,1.0,223.0,185.0,9.0,14.0,74,67,33,17,0.0,1.0,,
https://www.scoreboard.com/uk/match/OhhGqpkk/#match-summary,13,Wolfsburg,Bremen,2,3,Away,1,2,Away,58,42,11,5,3,2,3,1,5,2,8,11,5,0,2,1,,,0,2,9,7,,,238.0,173.0,7.0,7.0,71,49,18,15,,,,
https://www.scoreboard.com/uk/match/rLHsVpzd/#match-summary,13,Monchengladbach,Freiburg,4,2,Home,1,1,Draw,55,45,10,3,5,2,4,0,1,1,9,12,1,1,1,0,,,1,4,9,9,2.0,1.0,222.0,184.0,3.0,5.0,40,51,25,18,,,,
https://www.scoreboard.com/uk/match/UHwDpQZr/#match-summary,13,Bayern,Leverkusen,1,2,Away,1,2,Away,72,28,7,7,2,5,4,1,1,1,7,9,2,1,3,1,,,3,1,6,6,0.0,1.0,360.0,140.0,7.0,10.0,100,27,40,9,,,,
https://www.scoreboard.com/uk/match/pp2tjnCL/#match-summary,13,FC Koln,Augsburg,1,1,Draw,0,1,Away,54,46,4,8,1,2,3,5,0,1,15,10,1,3,0,0,,,1,1,11,15,5.0,3.0,208.0,168.0,2.0,4.0,45,49,21,21,1.0,1.0,,
https://www.scoreboard.com/uk/match/bTaUhlS2/#match-summary,13,Hertha,Dortmund,1,2,Away,1,2,Away,34,66,7,5,2,4,4,0,1,1,7,8,1,1,0,1,,,2,1,8,7,2.0,2.0,184.0,375.0,12.0,4.0,49,72,13,19,0.0,1.0,,
https://www.scoreboard.com/uk/match/MBGoU4k2/#match-summary,13,Hoffenheim,Dusseldorf,1,1,Draw,1,0,Home,55,45,5,2,2,1,3,0,0,1,9,5,1,1,1,2,,,1,1,5,7,0.0,2.0,304.0,236.0,7.0,14.0,66,71,9,18,,,,
https://www.scoreboard.com/uk/match/S8iok6RR/#match-summary,13,Paderborn,RB Leipzig,2,3,Away,0,3,Away,43,57,3,10,2,4,1,3,0,3,7,5,4,5,1,1,,,1,2,4,6,1.0,1.0,206.0,271.0,6.0,12.0,49,58,22,19,,,,
https://www.scoreboard.com/uk/match/pQZfvkD9/#match-summary,12,Hoffenheim,Mainz,1,5,Away,0,1,Away,57,43,7,7,2,2,3,5,2,0,12,6,5,1,1,0,,,1,2,6,12,1.0,1.0,266.0,195.0,8.0,12.0,51,56,19,20,0.0,1.0,228.0,159.0
https://www.scoreboard.com/uk/match/hjw3xTsM/#match-summary,12,Augsburg,Hertha,4,0,Home,2,0,Home,42,58,7,2,3,1,4,1,0,0,11,6,1,1,2,1,,,1,1,4,8,0.0,1.0,153.0,225.0,11.0,7.0,39,53,21,11,0.0,1.0,115.0,186.0
https://www.scoreboard.com/uk/match/OGYbw9SF/#match-summary,12,RB Leipzig,FC Koln,4,1,Home,3,1,Home,73,27,11,2,5,1,5,1,1,0,9,7,6,1,2,5,,,0,2,5,5,,,415.0,153.0,5.0,3.0,98,22,35,11,,,,
https://www.scoreboard.com/uk/match/21pjuVc3/#match-summary,12,Bremen,Schalke,1,2,Away,0,1,Away,43,57,6,4,1,1,1,2,4,1,12,5,1,1,1,4,,,0,1,4,6,,,217.0,284.0,15.0,13.0,60,76,15,10,,,,
https://www.scoreboard.com/uk/match/lbtntBrc/#match-summary,12,Dusseldorf,Bayern,0,4,Away,0,3,Away,28,72,5,11,0,3,1,5,4,3,5,4,4,3,0,3,,,0,0,4,2,1.0,1.0,135.0,361.0,11.0,6.0,34,92,13,35,,,,
https://www.scoreboard.com/uk/match/lbIwWQKk/#match-summary,12,Frankfurt,Wolfsburg,0,2,Away,0,1,Away,58,42,6,3,3,2,2,0,1,1,16,7,7,0,0,2,,,1,3,7,14,1.0,3.0,180.0,140.0,9.0,9.0,51,51,25,11,0.0,1.0,,
https://www.scoreboard.com/uk/match/zeh4HR5d/#match-summary,12,Leverkusen,Freiburg,1,1,Draw,1,1,Draw,79,21,16,3,5,1,6,2,5,0,6,3,8,2,1,0,,,0,4,2,5,,,365.0,99.0,3.0,6.0,65,38,54,6,,,,
https://www.scoreboard.com/uk/match/Wtx7ymcS/#match-summary,12,Union Berlin,Monchengladbach,2,0,Home,1,0,Home,40,60,7,5,3,2,3,3,1,0,2,9,2,5,1,1,,,2,2,8,1,1.0,0.0,182.0,277.0,7.0,3.0,69,58,16,33,,,,
https://www.scoreboard.com/uk/match/OfcOQVrA/#match-summary,11,Freiburg,Frankfurt,1,0,Home,0,0,Draw,46,54,7,6,4,2,1,3,2,1,9,4,4,3,2,1,,,2,4,2,9,0.0,2.0,167.0,197.0,7.0,8.0,48,64,18,20,0.0,1.0,,
https://www.scoreboard.com/uk/match/GUgGSiEc/#match-summary,11,Wolfsburg,Leverkusen,0,2,Away,0,1,Away,40,60,3,3,0,2,3,1,0,0,6,6,2,0,1,1,,,1,0,5,5,1.0,1.0,193.0,300.0,9.0,11.0,70,57,18,6,,,,
https://www.scoreboard.com/uk/match/xveCTXbi/#match-summary,11,Monchengladbach,Bremen,3,1,Home,2,0,Home,58,42,8,7,2,3,3,3,3,1,10,12,1,1,3,0,,,3,0,9,9,2.0,1.0,236.0,170.0,10.0,5.0,65,51,27,6,,,,
https://www.scoreboard.com/uk/match/Ghx3Jmyp/#match-summary,11,Bayern,Dortmund,4,0,Home,1,0,Home,61,39,8,1,3,0,4,1,1,0,8,6,2,1,3,1,,,0,2,4,7,,,339.0,209.0,15.0,6.0,65,41,31,18,,,,
https://www.scoreboard.com/uk/match/d4g0I7jj/#match-summary,11,Hertha,RB Leipzig,2,4,Away,1,2,Away,30,70,4,6,2,4,2,1,0,1,7,7,0,3,1,2,,,2,1,5,4,1.0,1.0,148.0,335.0,8.0,6.0,36,83,4,31,,,,
https://www.scoreboard.com/uk/match/p4bKRBT3/#match-summary,11,Mainz,Union Berlin,2,3,Away,0,2,Away,48,52,5,10,2,4,3,4,0,2,8,9,1,1,4,1,,,2,2,5,7,1.0,1.0,205.0,220.0,4.0,7.0,60,65,26,14,,,,
https://www.scoreboard.com/uk/match/EqjyOTSS/#match-summary,11,Paderborn,Augsburg,0,1,Away,0,1,Away,60,40,4,6,1,2,2,2,1,2,7,9,2,2,0,3,,,1,1,9,5,,,254.0,169.0,9.0,10.0,47,53,18,17,,,,
https://www.scoreboard.com/uk/match/6JnTPkbG/#match-summary,11,Schalke,Dusseldorf,3,3,Draw,1,0,Home,63,37,6,3,2,2,3,1,1,0,8,5,1,2,0,0,,,2,1,5,8,,,283.0,162.0,4.0,8.0,61,54,16,7,,,,
https://www.scoreboard.com/uk/match/phzcNdxI/#match-summary,10,Augsburg,Schalke,2,3,Away,1,1,Draw,35,65,7,3,3,0,3,1,1,2,6,8,1,1,2,1,,,0,2,6,6,0.0,2.0,148.0,278.0,9.0,6.0,54,56,23,15,,,97.0,225.0
https://www.scoreboard.com/uk/match/61ygOxNB/#match-summary,10,Dusseldorf,FC Koln,2,0,Home,1,0,Home,43,57,5,2,2,0,3,2,0,0,12,4,1,0,0,2,,,0,1,4,12,0.0,2.0,165.0,220.0,11.0,3.0,50,60,24,30,,,123.0,180.0
https://www.scoreboard.com/uk/match/xlbQ5U6p/#match-summary,10,Union Berlin,Hertha,1,0,Home,0,0,Draw,56,44,8,2,4,1,2,1,2,0,5,8,0,2,1,1,,,1,4,7,3,,,256.0,203.0,8.0,2.0,79,38,20,15,,,209.0,154.0
https://www.scoreboard.com/uk/match/AZspQbha/#match-summary,10,Bremen,Freiburg,2,2,Draw,1,1,Draw,46,54,6,6,3,1,1,5,2,0,5,8,2,0,0,2,,,0,2,8,3,,,230.0,263.0,9.0,7.0,43,56,11,17,,,185.0,227.0
https://www.scoreboard.com/uk/match/KpkXS08t/#match-summary,10,Dortmund,Wolfsburg,3,0,Home,0,0,Draw,62,38,5,6,1,0,3,6,1,0,12,8,4,1,0,0,,,0,1,8,12,1.0,2.0,301.0,182.0,7.0,10.0,59,30,18,14,,,254.0,134.0
https://www.scoreboard.com/uk/match/GCrtRvwg/#match-summary,10,Frankfurt,Bayern,5,1,Home,2,1,Home,39,61,9,3,4,2,1,1,4,0,3,9,2,0,1,2,,,1,2,8,1,,,196.0,306.0,13.0,3.0,44,53,12,16,0.0,1.0,142.0,256.0
https://www.scoreboard.com/uk/match/zZGT4lMj/#match-summary,10,Leverkusen,Monchengladbach,1,2,Away,1,2,Away,51,49,8,6,3,3,4,1,1,2,6,9,6,0,2,1,,,1,2,7,4,2.0,0.0,217.0,222.0,11.0,8.0,54,55,23,13,,,172.0,184.0
https://www.scoreboard.com/uk/match/29vxSKNn/#match-summary,10,RB Leipzig,Mainz,8,0,Home,5,0,Home,65,35,13,5,8,1,4,1,1,3,3,4,3,1,0,1,,,1,3,4,3,,,339.0,183.0,4.0,6.0,64,36,30,13,,,304.0,138.0
https://www.scoreboard.com/uk/match/QNTcE1gm/#match-summary,9,Monchengladbach,Frankfurt,4,2,Home,2,0,Home,58,42,5,4,3,2,2,1,0,1,11,6,2,3,0,2,,,2,1,6,9,1.0,0.0,236.0,165.0,10.0,12.0,55,64,24,18,,,180.0,111.0
https://www.scoreboard.com/uk/match/raO2DL8g/#match-summary,9,Wolfsburg,Augsburg,0,0,Draw,0,0,Draw,51,49,5,6,2,2,3,3,0,1,7,11,4,1,1,0,,,2,2,8,6,,,211.0,200.0,10.0,13.0,54,48,13,27,,,159.0,151.0
https://www.scoreboard.com/uk/match/nXUgFsvs/#match-summary,9,Leverkusen,Bremen,2,2,Draw,1,1,Draw,59,41,12,5,3,2,5,3,4,0,9,9,6,0,1,1,,,1,2,7,8,,,265.0,191.0,4.0,8.0,77,32,33,7,,,224.0,142.0
https://www.scoreboard.com/uk/match/Iy35Xt0P/#match-summary,9,Bayern,Union Berlin,2,1,Home,1,0,Home,72,28,6,2,3,0,1,1,2,1,10,5,2,0,1,1,,,0,2,4,8,0.0,1.0,381.0,142.0,9.0,12.0,80,50,28,15,,,340.0,97.0
https://www.scoreboard.com/uk/match/UFQEAJhC/#match-summary,9,Freiburg,RB Leipzig,2,1,Home,1,0,Home,41,59,7,12,1,5,2,2,4,5,4,6,1,3,3,1,,,5,0,4,3,,,217.0,321.0,8.0,5.0,40,64,16,34,,,184.0,285.0
https://www.scoreboard.com/uk/match/MkN6CuOa/#match-summary,9,Hertha,Hoffenheim,2,3,Away,0,2,Away,31,69,5,8,1,5,4,2,0,1,6,10,1,2,2,2,,,3,1,8,4,,,155.0,359.0,9.0,11.0,56,46,28,9,,,121.0,313.0
https://www.scoreboard.com/uk/match/jVEN8cNO/#match-summary,9,Paderborn,Dusseldorf,2,0,Home,1,0,Home,57,43,6,7,2,1,4,3,0,3,6,10,3,3,0,0,,,1,1,10,6,2.0,1.0,228.0,173.0,4.0,8.0,54,50,19,17,,,189.0,127.0
https://www.scoreboard.com/uk/match/CvGJ9w8I/#match-summary,9,Schalke,Dortmund,0,0,Draw,0,0,Draw,48,52,3,2,0,2,3,0,0,0,3,8,5,1,3,0,,,2,0,4,2,1.0,1.0,88.0,118.0,5.0,4.0,69,47,35,12,,,62.0,91.0
https://www.scoreboard.com/uk/match/nX8Oa2vf/#match-summary,8,Hoffenheim,Schalke,2,0,Home,0,0,Draw,45,55,4,7,0,1,4,6,0,0,8,10,1,4,1,2,,,1,0,9,5,1.0,0.0,177.0,211.0,11.0,6.0,49,56,10,38,,,129.0,175.0
https://www.scoreboard.com/uk/match/xM1yc0OC/#match-summary,8,FC Koln,Paderborn,3,0,Home,1,0,Home,47,53,9,3,1,0,4,2,4,1,5,4,5,3,1,1,,,0,0,3,3,,,206.0,253.0,19.0,12.0,47,74,30,27,,,162.0,219.0
https://www.scoreboard.com/uk/match/IHvOK3GJ/#match-summary,8,Dortmund,Monchengladbach,1,0,Home,0,0,Draw,57,43,10,5,3,1,2,2,5,2,7,7,8,1,2,0,,,1,3,5,7,,,,,,,51,44,32,22,,,,
https://www.scoreboard.com/uk/match/8ncXct96/#match-summary,8,Augsburg,Bayern,2,2,Draw,1,1,Draw,22,78,4,11,2,3,1,6,1,2,5,6,2,1,3,0,,,2,1,2,4,0.0,2.0,101.0,364.0,6.0,7.0,22,72,16,37,,,60.0,324.0
https://www.scoreboard.com/uk/match/YT4K0rPm/#match-summary,8,Bremen,Hertha,1,1,Draw,1,0,Home,58,42,7,7,1,1,1,6,5,0,4,3,4,5,0,0,,,1,0,3,4,,,309.0,208.0,7.0,9.0,77,49,25,18,,,269.0,176.0
https://www.scoreboard.com/uk/match/UebTbMg0/#match-summary,8,Dusseldorf,Mainz,1,0,Home,0,0,Draw,47,53,7,3,0,1,4,1,3,1,8,4,3,0,0,3,,,1,0,4,4,0.0,2.0,222.0,256.0,8.0,9.0,55,57,22,12,0.0,1.0,183.0,218.0
https://www.scoreboard.com/uk/match/v75G1O9s/#match-summary,8,RB Leipzig,Wolfsburg,1,1,Draw,0,0,Draw,65,35,6,5,2,2,4,2,0,1,6,8,2,3,0,0,,,2,2,6,5,0.0,3.0,279.0,150.0,7.0,3.0,70,43,31,15,,,215.0,95.0
https://www.scoreboard.com/uk/match/GC0udKwJ/#match-summary,8,Union Berlin,Freiburg,2,0,Home,1,0,Home,41,59,5,7,2,4,2,1,1,2,4,13,1,4,1,0,,,4,1,12,4,1.0,0.0,169.0,244.0,5.0,4.0,70,46,17,17,,,127.0,189.0
https://www.scoreboard.com/uk/match/rP7gnqAf/#match-summary,7,Frankfurt,Bremen,2,2,Draw,0,1,Away,56,44,14,5,2,2,9,2,3,1,3,9,4,1,0,0,,,1,2,8,3,1.0,1.0,216.0,180.0,5.0,10.0,36,23,20,11,,,168.0,131.0
https://www.scoreboard.com/uk/match/xbJl641Q/#match-summary,7,Wolfsburg,Union Berlin,1,0,Home,0,0,Draw,54,46,6,8,1,2,4,4,1,2,7,11,1,2,2,1,,,2,1,9,6,2.0,1.0,209.0,191.0,3.0,14.0,22,45,7,12,,,150.0,117.0
https://www.scoreboard.com/uk/match/za4ol5ur/#match-summary,7,Monchengladbach,Augsburg,5,1,Home,4,0,Home,61,39,8,7,6,0,2,3,0,4,8,10,1,2,2,1,,,0,2,8,7,1.0,1.0,281.0,179.0,7.0,7.0,63,36,22,9,,,245.0,138.0
https://www.scoreboard.com/uk/match/Is06qsfD/#match-summary,7,Schalke,FC Koln,1,1,Draw,0,0,Draw,50,50,4,4,1,2,2,2,1,0,11,12,2,0,2,1,,,2,1,9,10,3.0,2.0,218.0,218.0,10.0,5.0,50,38,21,21,,,174.0,168.0
https://www.scoreboard.com/uk/match/Aymh7pnK/#match-summary,7,Bayern,Hoffenheim,1,2,Away,0,0,Draw,57,43,8,4,2,2,6,0,0,2,9,5,3,1,2,1,,,2,2,4,8,1.0,0.0,322.0,234.0,7.0,13.0,90,37,49,9,,,285.0,189.0
https://www.scoreboard.com/uk/match/Ek3kmPfl/#match-summary,7,Freiburg,Dortmund,2,2,Draw,0,1,Away,32,68,3,5,0,2,3,3,0,0,7,7,0,9,1,4,,,1,0,6,5,0.0,1.0,149.0,388.0,7.0,6.0,48,82,8,26,,,104.0,343.0
https://www.scoreboard.com/uk/match/4vd2pNv7/#match-summary,7,Leverkusen,RB Leipzig,1,1,Draw,0,0,Draw,62,38,6,8,5,4,1,4,0,0,8,11,2,0,5,4,,,4,5,5,3,1.0,0.0,361.0,180.0,12.0,12.0,85,48,36,18,,,302.0,122.0
https://www.scoreboard.com/uk/match/Wpll8QWD/#match-summary,7,Paderborn,Mainz,1,2,Away,1,2,Away,64,36,6,11,1,5,4,3,1,3,13,4,1,3,1,1,,,3,0,4,12,0.0,2.0,313.0,153.0,8.0,7.0,56,58,14,24,,,268.0,110.0
https://www.scoreboard.com/uk/match/8CtOW3A7/#match-summary,6,FC Koln,Hertha,0,4,Away,0,1,Away,54,46,4,4,3,2,0,2,1,0,11,8,4,1,3,0,,,1,3,5,11,,,174.0,160.0,5.0,6.0,25,24,11,12,1.0,0.0,148.0,128.0
https://www.scoreboard.com/uk/match/UHRIhoXQ/#match-summary,6,Dusseldorf,Freiburg,1,2,Away,1,1,Draw,52,48,4,3,3,1,0,1,1,1,2,5,3,0,1,0,,,0,2,4,1,1.0,1.0,268.0,259.0,8.0,8.0,47,63,27,13,,,235.0,227.0
https://www.scoreboard.com/uk/match/IsOEgRHK/#match-summary,6,Dortmund,Bremen,2,2,Draw,2,1,Home,68,32,11,4,4,3,3,1,4,0,6,2,3,0,0,1,,,2,2,2,5,,,459.0,165.0,4.0,9.0,109,29,42,11,,,431.0,132.0
https://www.scoreboard.com/uk/match/ULsKXqe1/#match-summary,6,Augsburg,Leverkusen,0,3,Away,0,1,Away,18,82,1,4,0,2,1,1,0,1,5,8,0,2,0,0,,,1,0,9,5,2.0,0.0,102.0,465.0,0.0,2.0,39,77,7,22,,,58.0,410.0
https://www.scoreboard.com/uk/match/MevCZ5Ql/#match-summary,6,Hoffenheim,Monchengladbach,0,3,Away,0,1,Away,47,53,7,4,3,2,3,2,1,0,7,5,1,4,1,0,,,1,3,4,5,0.0,1.0,242.0,260.0,7.0,8.0,58,60,15,27,,,192.0,207.0
https://www.scoreboard.com/uk/match/zarGYPue/#match-summary,6,Mainz,Wolfsburg,0,1,Away,0,1,Away,50,50,6,2,3,2,3,0,0,0,9,2,2,1,0,0,,,1,3,2,9,1.0,1.0,223.0,234.0,10.0,13.0,38,45,27,11,,,171.0,172.0
https://www.scoreboard.com/uk/match/pUP6emm8/#match-summary,6,Paderborn,Bayern,2,3,Away,0,1,Away,37,63,3,10,1,2,0,6,2,2,5,5,5,3,2,0,,,1,1,4,5,0.0,1.0,176.0,300.0,6.0,4.0,49,49,28,27,,,136.0,255.0
https://www.scoreboard.com/uk/match/vXl7znBr/#match-summary,6,RB Leipzig,Schalke,1,3,Away,0,2,Away,63,37,6,6,2,4,4,2,0,0,6,9,4,1,0,0,,,2,2,10,4,1.0,0.0,315.0,190.0,7.0,7.0,69,58,22,10,,,250.0,124.0
https://www.scoreboard.com/uk/match/ny58xZtT/#match-summary,5,Wolfsburg,Hoffenheim,1,1,Draw,1,1,Draw,57,43,9,4,4,2,3,1,2,1,8,10,2,1,4,1,,,1,3,4,7,0.0,1.0,287.0,219.0,5.0,11.0,80,45,29,12,,,242.0,169.0
https://www.scoreboard.com/uk/match/SUnyYhkp/#match-summary,5,Frankfurt,Dortmund,2,2,Draw,1,1,Draw,35,65,6,4,2,3,2,0,2,1,7,8,2,3,0,0,,,2,1,8,7,0.0,1.0,184.0,330.0,12.0,10.0,50,53,18,18,,,131.0,284.0
https://www.scoreboard.com/uk/match/8p64wFRM/#match-summary,5,Monchengladbach,Dusseldorf,2,1,Home,0,1,Away,53,47,7,10,4,2,0,4,3,4,6,10,6,3,2,1,,,1,4,7,5,1.0,1.0,223.0,199.0,8.0,2.0,50,40,31,34,,,186.0,158.0
https://www.scoreboard.com/uk/match/6LouXC4j/#match-summary,5,Bremen,RB Leipzig,0,3,Away,0,2,Away,39,61,4,3,1,2,1,0,2,1,9,6,2,5,1,1,,,0,1,3,8,0.0,2.0,206.0,310.0,10.0,11.0,45,68,12,34,,,174.0,277.0
https://www.scoreboard.com/uk/match/fsSZhfR9/#match-summary,5,Bayern,FC Koln,4,0,Home,1,0,Home,64,36,11,6,1,1,5,3,5,2,14,9,6,2,2,1,,,1,0,7,13,1.0,0.0,307.0,165.0,7.0,5.0,56,54,18,21,,,260.0,125.0
https://www.scoreboard.com/uk/match/YRwRfGdc/#match-summary,5,Freiburg,Augsburg,1,1,Draw,1,1,Draw,64,36,6,5,4,1,1,4,1,0,6,8,2,1,1,1,,,0,3,7,5,1.0,0.0,241.0,139.0,5.0,9.0,52,34,35,18,,,192.0,91.0
https://www.scoreboard.com/uk/match/KOZMedsi/#match-summary,5,Hertha,Paderborn,2,1,Home,1,0,Home,39,61,1,9,1,3,0,3,0,3,6,7,0,4,1,1,,,3,0,6,6,1.0,1.0,169.0,250.0,9.0,15.0,60,72,13,23,,,123.0,202.0
https://www.scoreboard.com/uk/match/27RwhEtG/#match-summary,5,Leverkusen,Union Berlin,2,0,Home,2,0,Home,68,32,4,0,2,0,1,0,1,0,4,6,2,0,1,1,,,0,0,5,2,,,430.0,206.0,4.0,5.0,79,52,13,6,,,388.0,156.0
https://www.scoreboard.com/uk/match/QmeprwDi/#match-summary,4,Paderborn,Schalke,1,5,Away,1,1,Draw,46,54,3,12,1,6,2,3,0,3,7,8,0,4,0,3,,,5,0,7,5,1.0,1.0,190.0,235.0,13.0,14.0,38,75,14,24,,,138.0,186.0
https://www.scoreboard.com/uk/match/CtuUumWN/#match-summary,4,Hoffenheim,Freiburg,0,3,Away,0,2,Away,68,32,9,7,4,4,4,3,1,0,8,5,5,0,0,2,,,2,4,5,6,0.0,1.0,314.0,145.0,1.0,9.0,60,48,27,12,,,273.0,104.0
https://www.scoreboard.com/uk/match/YDbhtHs4/#match-summary,4,RB Leipzig,Bayern,1,1,Draw,1,1,Draw,24,76,4,6,2,4,1,2,1,0,3,5,1,1,0,1,,,3,1,6,2,1.0,1.0,137.0,446.0,11.0,5.0,24,91,8,29,,,92.0,406.0
https://www.scoreboard.com/uk/match/rPVazRgo/#match-summary,4,Augsburg,Frankfurt,2,1,Home,2,0,Home,37,63,9,11,6,2,1,4,2,5,5,4,1,4,1,1,,,2,4,3,3,0.0,1.0,156.0,253.0,8.0,10.0,52,63,19,36,,,109.0,202.0
https://www.scoreboard.com/uk/match/GxlcuycA/#match-summary,4,Dortmund,Leverkusen,4,0,Home,1,0,Home,35,65,5,7,4,1,0,3,1,3,8,5,1,3,1,3,,,1,3,4,4,0.0,1.0,184.0,353.0,9.0,5.0,47,62,17,17,,,139.0,310.0
https://www.scoreboard.com/uk/match/ncdtqJco/#match-summary,4,FC Koln,Monchengladbach,0,1,Away,0,1,Away,46,54,6,9,2,1,2,4,2,4,12,11,0,4,1,0,,,0,2,10,12,1.0,1.0,190.0,211.0,7.0,9.0,59,64,11,28,,,143.0,167.0
https://www.scoreboard.com/uk/match/63vYv7oU/#match-summary,4,Mainz,Hertha,2,1,Home,1,0,Home,66,34,7,5,3,2,2,3,2,0,4,4,5,0,0,0,,,2,2,4,4,1.0,1.0,288.0,144.0,11.0,9.0,66,40,23,11,,,244.0,113.0
https://www.scoreboard.com/uk/match/fNalscSc/#match-summary,4,Union Berlin,Bremen,1,2,Away,1,1,Draw,37,63,4,9,1,3,2,4,1,2,4,10,2,2,0,0,,,2,0,10,4,0.0,1.0,157.0,272.0,6.0,4.0,52,60,10,17,,,103.0,224.0
https://www.scoreboard.com/uk/match/YktQtTGH/#match-summary,3,Frankfurt,Dusseldorf,2,1,Home,0,1,Away,61,39,5,7,3,2,1,1,1,4,15,7,1,0,0,2,,,1,3,7,12,1.0,2.0,218.0,137.0,5.0,10.0,77,45,19,23,,,177.0,101.0
https://www.scoreboard.com/uk/match/p8Y7nXnt/#match-summary,3,Bremen,Augsburg,3,2,Home,2,1,Home,60,40,9,4,3,2,5,1,1,1,8,5,1,1,0,1,,,1,1,5,6,0.0,3.0,281.0,159.0,9.0,4.0,68,37,24,12,0.0,1.0,237.0,109.0
https://www.scoreboard.com/uk/match/KQQKqVWb/#match-summary,3,Union Berlin,Dortmund,3,1,Home,1,1,Draw,25,75,7,7,2,2,4,4,1,1,1,7,3,1,1,0,,,1,1,6,1,,,137.0,416.0,6.0,2.0,38,89,9,33,,,87.0,364.0
https://www.scoreboard.com/uk/match/EmQOrkn5/#match-summary,3,Bayern,Mainz,6,1,Home,2,1,Home,73,27,8,3,4,2,4,0,0,1,9,4,7,0,0,0,,,1,2,4,8,1.0,2.0,352.0,135.0,6.0,8.0,81,36,36,9,,,300.0,89.0
https://www.scoreboard.com/uk/match/ObXBoi2n/#match-summary,3,Freiburg,FC Koln,1,2,Away,1,0,Home,56,44,9,2,0,0,5,1,4,1,7,2,4,2,0,0,,,0,0,2,7,0.0,1.0,226.0,183.0,8.0,9.0,55,70,23,14,,,185.0,140.0
https://www.scoreboard.com/uk/match/hvPSs91B/#match-summary,3,Leverkusen,Hoffenheim,0,0,Draw,0,0,Draw,75,25,8,1,0,0,5,0,3,1,9,5,7,0,2,2,,,0,0,3,7,,,366.0,125.0,7.0,9.0,86,39,38,14,,,323.0,81.0
https://www.scoreboard.com/uk/match/6NMGpBHh/#match-summary,3,Schalke,Hertha,3,0,Home,1,0,Home,69,31,5,4,0,2,3,2,2,0,6,7,5,1,0,1,,,2,0,7,5,0.0,1.0,284.0,132.0,5.0,7.0,56,40,29,5,,,246.0,100.0
https://www.scoreboard.com/uk/match/YZi2RmHU/#match-summary,3,Wolfsburg,Paderborn,1,1,Draw,0,1,Away,67,33,5,2,2,2,3,0,0,0,4,5,2,2,1,0,,,1,2,3,4,,,283.0,140.0,15.0,10.0,77,32,37,13,,,229.0,88.0
https://www.scoreboard.com/uk/match/CK3gT9nI/#match-summary,2,Hertha,Wolfsburg,0,3,Away,0,1,Away,54,46,5,3,2,1,2,2,1,0,6,7,2,2,1,1,,,0,2,7,5,1.0,0.0,246.0,199.0,5.0,15.0,59,42,28,22,,,196.0,145.0
https://www.scoreboard.com/uk/match/0p0kUkXB/#match-summary,2,RB Leipzig,Frankfurt,2,1,Home,1,0,Home,46,54,9,3,2,1,4,2,3,0,11,3,2,1,0,2,,,1,1,3,8,1.0,1.0,240.0,273.0,10.0,6.0,44,63,19,19,,,193.0,226.0
https://www.scoreboard.com/uk/match/W48YXXXn/#match-summary,2,Schalke,Bayern,0,3,Away,0,1,Away,32,68,2,6,1,3,1,2,0,1,5,5,0,4,0,1,,,2,1,6,4,,,174.0,363.0,10.0,5.0,38,73,15,33,,,130.0,315.0
https://www.scoreboard.com/uk/match/Ae7xXimg/#match-summary,2,Augsburg,Union Berlin,1,1,Draw,0,0,Draw,53,47,4,7,0,0,3,3,1,4,11,11,2,2,1,2,,,0,0,10,9,2.0,0.0,189.0,176.0,6.0,5.0,38,51,24,15,,,139.0,126.0
https://www.scoreboard.com/uk/match/0MH2wfAP/#match-summary,2,Dusseldorf,Leverkusen,1,3,Away,0,3,Away,31,69,4,6,2,4,0,1,2,1,4,6,0,2,0,0,,,1,2,6,4,0.0,1.0,153.0,335.0,11.0,6.0,53,59,8,8,,,108.0,292.0
https://www.scoreboard.com/uk/match/bHwKEAXO/#match-summary,2,Hoffenheim,Bremen,3,2,Home,0,1,Away,57,43,2,7,0,2,1,2,1,3,8,6,0,2,2,0,,,1,0,4,7,0.0,1.0,306.0,231.0,7.0,10.0,63,66,16,10,,,256.0,175.0
https://www.scoreboard.com/uk/match/xr9UYDIt/#match-summary,2,Mainz,Monchengladbach,1,3,Away,1,1,Draw,45,55,8,8,3,2,4,2,1,4,9,9,1,3,0,0,,,1,2,9,8,2.0,0.0,184.0,233.0,8.0,12.0,52,44,29,24,,,148.0,190.0
https://www.scoreboard.com/uk/match/6N0oVVH5/#match-summary,2,Paderborn,Freiburg,1,3,Away,1,2,Away,48,52,10,7,2,2,5,4,3,1,4,7,6,2,1,0,,,0,1,6,4,1.0,1.0,179.0,195.0,9.0,11.0,50,42,16,12,,,143.0,147.0
https://www.scoreboard.com/uk/match/8fLd7z1H/#match-summary,1,Union Berlin,RB Leipzig,0,4,Away,0,3,Away,37,63,7,7,1,4,2,3,4,0,3,7,3,4,1,0,,,1,1,6,1,,,176.0,315.0,6.0,5.0,35,73,21,16,,,120.0,266.0
https://www.scoreboard.com/uk/match/I5SqAxHb/#match-summary,1,Frankfurt,Hoffenheim,1,0,Home,1,0,Home,29,71,9,9,5,1,1,6,3,2,5,10,4,2,2,1,,,1,4,7,4,1.0,0.0,126.0,315.0,13.0,8.0,47,62,26,21,,,88.0,265.0
https://www.scoreboard.com/uk/match/phUyCbnn/#match-summary,1,Monchengladbach,Schalke,0,0,Draw,0,0,Draw,62,38,7,4,0,0,2,3,5,1,5,7,5,1,1,0,,,0,0,5,4,1.0,1.0,293.0,184.0,14.0,10.0,57,48,31,20,,,235.0,137.0
https://www.scoreboard.com/uk/match/zsNl9dW4/#match-summary,1,Bremen,Dusseldorf,1,3,Away,0,1,Away,68,32,6,3,0,2,5,1,1,0,8,3,6,2,1,0,,,1,0,2,8,0.0,2.0,341.0,162.0,4.0,10.0,76,47,37,16,,,296.0,130.0
https://www.scoreboard.com/uk/match/6RbRie1U/#match-summary,1,Dortmund,Augsburg,5,1,Home,1,1,Draw,78,22,13,2,5,1,5,1,3,0,3,3,7,0,0,0,,,0,4,3,3,,,426.0,124.0,5.0,14.0,85,31,73,9,,,393.0,84.0
https://www.scoreboard.com/uk/match/EXLh8GoB/#match-summary,1,Freiburg,Mainz,3,0,Home,0,0,Draw,50,50,10,11,3,3,6,3,1,5,6,3,4,4,0,1,,,3,3,3,6,0.0,3.0,199.0,206.0,10.0,5.0,42,49,25,36,,,145.0,159.0
https://www.scoreboard.com/uk/match/WlQXCvXu/#match-summary,1,Leverkusen,Paderborn,3,2,Home,2,2,Draw,75,25,5,9,2,5,2,0,1,4,5,2,4,4,1,0,,,3,0,2,5,1.0,0.0,399.0,126.0,5.0,13.0,83,33,40,22,,,352.0,82.0
https://www.scoreboard.com/uk/match/vFTuBI1h/#match-summary,1,Wolfsburg,FC Koln,2,1,Home,1,0,Home,50,50,7,4,2,0,2,2,3,2,10,8,1,2,1,0,,,0,1,7,11,0.0,1.0,203.0,196.0,11.0,12.0,56,57,18,44,,,160.0,146.0
